{
    "name": "root",
    "gauges": {
        "AgentA.Policy.Entropy.mean": {
            "value": 1.5965938568115234,
            "min": 1.5965938568115234,
            "max": 1.5965938568115234,
            "count": 1
        },
        "AgentA.Policy.Entropy.sum": {
            "value": 80393.2890625,
            "min": 80393.2890625,
            "max": 80393.2890625,
            "count": 1
        },
        "AgentA.Environment.EpisodeLength.mean": {
            "value": 1558.774193548387,
            "min": 1558.774193548387,
            "max": 1558.774193548387,
            "count": 1
        },
        "AgentA.Environment.EpisodeLength.sum": {
            "value": 48322.0,
            "min": 48322.0,
            "max": 48322.0,
            "count": 1
        },
        "AgentA.Self-play.ELO.mean": {
            "value": 1202.1345782932049,
            "min": 1202.1345782932049,
            "max": 1202.1345782932049,
            "count": 1
        },
        "AgentA.Self-play.ELO.sum": {
            "value": 37266.17192708935,
            "min": 37266.17192708935,
            "max": 37266.17192708935,
            "count": 1
        },
        "AgentA.Step.mean": {
            "value": 49353.0,
            "min": 49353.0,
            "max": 49353.0,
            "count": 1
        },
        "AgentA.Step.sum": {
            "value": 49353.0,
            "min": 49353.0,
            "max": 49353.0,
            "count": 1
        },
        "AgentA.Policy.ExtrinsicBaselineEstimate.mean": {
            "value": 0.006875236984342337,
            "min": 0.006875236984342337,
            "max": 0.006875236984342337,
            "count": 1
        },
        "AgentA.Policy.ExtrinsicBaselineEstimate.sum": {
            "value": 0.4468904137611389,
            "min": 0.4468904137611389,
            "max": 0.4468904137611389,
            "count": 1
        },
        "AgentA.Policy.ExtrinsicValueEstimate.mean": {
            "value": 0.006875236984342337,
            "min": 0.006875236984342337,
            "max": 0.006875236984342337,
            "count": 1
        },
        "AgentA.Policy.ExtrinsicValueEstimate.sum": {
            "value": 0.4468904137611389,
            "min": 0.4468904137611389,
            "max": 0.4468904137611389,
            "count": 1
        },
        "AgentA.Environment.CumulativeReward.mean": {
            "value": 0.06451612903225806,
            "min": 0.06451612903225806,
            "max": 0.06451612903225806,
            "count": 1
        },
        "AgentA.Environment.CumulativeReward.sum": {
            "value": 2.0,
            "min": 2.0,
            "max": 2.0,
            "count": 1
        },
        "AgentA.Policy.ExtrinsicReward.mean": {
            "value": 0.06451612903225806,
            "min": 0.06451612903225806,
            "max": 0.06451612903225806,
            "count": 1
        },
        "AgentA.Policy.ExtrinsicReward.sum": {
            "value": 2.0,
            "min": 2.0,
            "max": 2.0,
            "count": 1
        },
        "AgentA.Environment.GroupCumulativeReward.mean": {
            "value": 0.0,
            "min": 0.0,
            "max": 0.0,
            "count": 1
        },
        "AgentA.Environment.GroupCumulativeReward.sum": {
            "value": 0.0,
            "min": 0.0,
            "max": 0.0,
            "count": 1
        },
        "AgentA.Losses.PolicyLoss.mean": {
            "value": 0.01744727121355633,
            "min": 0.01744727121355633,
            "max": 0.01744727121355633,
            "count": 1
        },
        "AgentA.Losses.PolicyLoss.sum": {
            "value": 0.03489454242711266,
            "min": 0.03489454242711266,
            "max": 0.03489454242711266,
            "count": 1
        },
        "AgentA.Losses.ValueLoss.mean": {
            "value": 0.006357662880327552,
            "min": 0.006357662880327552,
            "max": 0.006357662880327552,
            "count": 1
        },
        "AgentA.Losses.ValueLoss.sum": {
            "value": 0.012715325760655104,
            "min": 0.012715325760655104,
            "max": 0.012715325760655104,
            "count": 1
        },
        "AgentA.Losses.BaselineLoss.mean": {
            "value": 0.006357662880327552,
            "min": 0.006357662880327552,
            "max": 0.006357662880327552,
            "count": 1
        },
        "AgentA.Losses.BaselineLoss.sum": {
            "value": 0.012715325760655104,
            "min": 0.012715325760655104,
            "max": 0.012715325760655104,
            "count": 1
        },
        "AgentA.Policy.LearningRate.mean": {
            "value": 0.0003,
            "min": 0.0003,
            "max": 0.0003,
            "count": 1
        },
        "AgentA.Policy.LearningRate.sum": {
            "value": 0.0006,
            "min": 0.0006,
            "max": 0.0006,
            "count": 1
        },
        "AgentA.Policy.Epsilon.mean": {
            "value": 0.20000000000000007,
            "min": 0.20000000000000007,
            "max": 0.20000000000000007,
            "count": 1
        },
        "AgentA.Policy.Epsilon.sum": {
            "value": 0.40000000000000013,
            "min": 0.40000000000000013,
            "max": 0.40000000000000013,
            "count": 1
        },
        "AgentA.Policy.Beta.mean": {
            "value": 0.005000000000000001,
            "min": 0.005000000000000001,
            "max": 0.005000000000000001,
            "count": 1
        },
        "AgentA.Policy.Beta.sum": {
            "value": 0.010000000000000002,
            "min": 0.010000000000000002,
            "max": 0.010000000000000002,
            "count": 1
        },
        "AgentA.IsTraining.mean": {
            "value": 1.0,
            "min": 1.0,
            "max": 1.0,
            "count": 1
        },
        "AgentA.IsTraining.sum": {
            "value": 1.0,
            "min": 1.0,
            "max": 1.0,
            "count": 1
        }
    },
    "metadata": {
        "timer_format_version": "0.1.0",
        "start_time_seconds": "1723081717",
        "python_version": "3.7.0 (v3.7.0:1bf9cc5093, Jun 27 2018, 04:59:51) [MSC v.1914 64 bit (AMD64)]",
        "command_line_arguments": "C:\\Users\\rmarr\\Documents\\python-envs\\3.7.0\\Scripts\\mlagents-learn config\\ppoagent.yaml --force",
        "mlagents_version": "0.27.0",
        "mlagents_envs_version": "0.27.0",
        "communication_protocol_version": "1.5.0",
        "pytorch_version": "1.7.1+cu110",
        "numpy_version": "1.21.6",
        "end_time_seconds": "1723082611"
    },
    "total": 894.4637762,
    "count": 1,
    "self": 0.006052400000044145,
    "children": {
        "run_training.setup": {
            "total": 0.07911369999999995,
            "count": 1,
            "self": 0.07911369999999995
        },
        "TrainerController.start_learning": {
            "total": 894.3786101,
            "count": 1,
            "self": 0.9517334000036044,
            "children": {
                "TrainerController._reset_env": {
                    "total": 9.1291317,
                    "count": 1,
                    "self": 9.1291317
                },
                "TrainerController.advance": {
                    "total": 884.0904530999964,
                    "count": 50372,
                    "self": 0.9444220999891968,
                    "children": {
                        "env_step": {
                            "total": 319.2375839000073,
                            "count": 50372,
                            "self": 150.45966460001134,
                            "children": {
                                "SubprocessEnvManager._take_step": {
                                    "total": 168.23493580000013,
                                    "count": 50372,
                                    "self": 4.304684399994102,