{"critic_loss": 0.0, "_timestamp": 1724192170.5012987, "_runtime": 146.39792275428772, "_step": 52081, "critic2_loss": 2.220446049250313e-16, "actor_loss": 0.2936471998691559, "runs wins": 25}